#term ID	term description	genes mapped	enrichment score	direction	false discovery rate	method	matching proteins in your input (IDs)	matching proteins in your input (labels)
IPR001283	Cysteine-rich  secretory protein-related	6	5.07014	top	0.0024	afc	3702.AT1G50060.1,3702.AT3G19690.1,3702.AT4G30320.1,3702.AT4G33720.1,3702.AT5G26130.1,3702.AT5G57625.1	AT1G50060,AT3G19690,AT4G30320,AT4G33720,AT5G26130,AT5G57625
IPR014044	CAP domain	6	5.07014	top	0.0024	afc	3702.AT1G50060.1,3702.AT3G19690.1,3702.AT4G30320.1,3702.AT4G33720.1,3702.AT5G26130.1,3702.AT5G57625.1	AT1G50060,AT3G19690,AT4G30320,AT4G33720,AT5G26130,AT5G57625
IPR034111	Pathogenesis-related protein 1-like, SCP domain	6	5.07014	top	0.0024	afc	3702.AT1G50060.1,3702.AT3G19690.1,3702.AT4G30320.1,3702.AT4G33720.1,3702.AT5G26130.1,3702.AT5G57625.1	AT1G50060,AT3G19690,AT4G30320,AT4G33720,AT5G26130,AT5G57625
IPR035940	CAP superfamily	6	5.07014	top	0.0024	afc	3702.AT1G50060.1,3702.AT3G19690.1,3702.AT4G30320.1,3702.AT4G33720.1,3702.AT5G26130.1,3702.AT5G57625.1	AT1G50060,AT3G19690,AT4G30320,AT4G33720,AT5G26130,AT5G57625
