#term ID	term description	genes mapped	enrichment score	direction	false discovery rate	method	matching proteins in your input (IDs)	matching proteins in your input (labels)
IPR001283	Cysteine-rich  secretory protein-related	6	5.45553	top	0.00015	afc	3702.AT1G50060.1,3702.AT3G19690.1,3702.AT4G30320.1,3702.AT4G33720.1,3702.AT5G26130.1,3702.AT5G57625.1	AT1G50060,AT3G19690,AT4G30320,AT4G33720,AT5G26130,AT5G57625
IPR014044	CAP domain	6	5.45553	top	0.00015	afc	3702.AT1G50060.1,3702.AT3G19690.1,3702.AT4G30320.1,3702.AT4G33720.1,3702.AT5G26130.1,3702.AT5G57625.1	AT1G50060,AT3G19690,AT4G30320,AT4G33720,AT5G26130,AT5G57625
IPR034111	Pathogenesis-related protein 1-like, SCP domain	6	5.45553	top	0.00015	afc	3702.AT1G50060.1,3702.AT3G19690.1,3702.AT4G30320.1,3702.AT4G33720.1,3702.AT5G26130.1,3702.AT5G57625.1	AT1G50060,AT3G19690,AT4G30320,AT4G33720,AT5G26130,AT5G57625
IPR035940	CAP superfamily	6	5.45553	top	0.00015	afc	3702.AT1G50060.1,3702.AT3G19690.1,3702.AT4G30320.1,3702.AT4G33720.1,3702.AT5G26130.1,3702.AT5G57625.1	AT1G50060,AT3G19690,AT4G30320,AT4G33720,AT5G26130,AT5G57625
IPR002413	Venom allergen 5-like	4	5.50561	top	0.0061	afc	3702.AT1G50060.1,3702.AT4G30320.1,3702.AT4G33720.1,3702.AT5G57625.1	AT1G50060,AT4G30320,AT4G33720,AT5G57625
IPR018244	Allergen V5/Tpx-1-related, conserved site	5	5.06094	top	0.0061	afc	3702.AT3G19690.1,3702.AT4G30320.1,3702.AT4G33720.1,3702.AT5G26130.1,3702.AT5G57625.1	AT3G19690,AT4G30320,AT4G33720,AT5G26130,AT5G57625
IPR036249	Thioredoxin-like superfamily	29	1.4548	top	0.0093	ks	3702.AT1G03680.1,3702.AT1G09640.1,3702.AT1G35620.1,3702.AT1G48130.1,3702.AT1G50320.1,3702.AT1G53300.1,3702.AT1G65980.1,3702.AT1G75270.1,3702.AT1G76080.1,3702.AT1G77290.1,3702.AT2G25080.1,3702.AT2G30860.1,3702.AT2G30870.1,3702.AT3G03190.1,3702.AT3G06050.1,3702.AT3G08710.1,3702.AT3G11630.1,3702.AT3G52960.1,3702.AT3G54900.1,3702.AT3G54960.1,3702.AT4G03520.1,3702.AT4G10790.1,3702.AT4G21990.1,3702.AT5G16400.1,3702.AT5G16710.1,3702.AT5G40370.2,3702.AT5G41210.1,3702.AT5G42850.1,3702.AT5G60640.1	THM1,AT1G09640,PDIL5-2,PER1,THX,TTL1,TPX1,DHAR2,CDSP32,AT1G77290,GPX1,GSTF9,GSTF10,GSTF11,PRXIIF,TH9,AT3G11630,AT3G52960,CXIP1,PDIL1-3,ATHM2,AT4G10790,APR3,TRXF2,DHAR3,GRXC2,GSTT1,AT5G42850,PDIL1-4
